Year,Predicted_Value,Index
2018,140.1886383555642,
2019,139.96049280676033,
